File/Folder,Date,Time,Size
gen1ou-0.txt,01-Nov-2024,13:48,12181
gen1ou-0.txt.gz,01-Nov-2024,13:48,3227
gen1ou-1500.txt,01-Nov-2024,13:48,12183
gen1ou-1500.txt.gz,01-Nov-2024,13:48,3446
gen1ou-1630.txt,01-Nov-2024,13:48,12183
gen1ou-1630.txt.gz,01-Nov-2024,13:48,3347
gen1ou-1760.txt,01-Nov-2024,13:48,12183
gen1ou-1760.txt.gz,01-Nov-2024,13:48,3330
gen1rbycap-0.txt,01-Nov-2024,13:48,3568
gen1rbycap-0.txt.gz,01-Nov-2024,13:48,867
gen1rbycap-1500.txt,01-Nov-2024,13:48,3570
gen1rbycap-1500.txt.gz,01-Nov-2024,13:48,982
gen1rbycap-1630.txt,01-Nov-2024,13:48,3572
gen1rbycap-1630.txt.gz,01-Nov-2024,13:48,939
gen1rbycap-1760.txt,01-Nov-2024,13:48,3572
gen1rbycap-1760.txt.gz,01-Nov-2024,13:48,947
gen2ou-0.txt,01-Nov-2024,13:48,16363
gen2ou-0.txt.gz,01-Nov-2024,13:48,3985
gen2ou-1500.txt,01-Nov-2024,13:48,16365
gen2ou-1500.txt.gz,01-Nov-2024,13:48,4320
gen2ou-1630.txt,01-Nov-2024,13:48,16365
gen2ou-1630.txt.gz,01-Nov-2024,13:48,4208
gen2ou-1760.txt,01-Nov-2024,13:48,16365
gen2ou-1760.txt.gz,01-Nov-2024,13:48,4128
gen2ubers-0.txt,01-Nov-2024,13:48,2091
gen2ubers-0.txt.gz,01-Nov-2024,13:48,515
gen2ubers-1500.txt,01-Nov-2024,13:48,2093
gen2ubers-1500.txt.gz,01-Nov-2024,13:48,594
gen2ubers-1630.txt,01-Nov-2024,13:48,2093
gen2ubers-1630.txt.gz,01-Nov-2024,13:48,587
gen2ubers-1760.txt,01-Nov-2024,13:48,2093
gen2ubers-1760.txt.gz,01-Nov-2024,13:48,572
gen3ou-0.txt,01-Nov-2024,13:48,25876
gen3ou-0.txt.gz,01-Nov-2024,13:48,6501
gen3ou-1500.txt,01-Nov-2024,13:48,25878
gen3ou-1500.txt.gz,01-Nov-2024,13:48,6889
gen3ou-1630.txt,01-Nov-2024,13:48,25878
gen3ou-1630.txt.gz,01-Nov-2024,13:48,6742
gen3ou-1760.txt,01-Nov-2024,13:48,25878
gen3ou-1760.txt.gz,01-Nov-2024,13:48,6699
gen3pu-0.txt,01-Nov-2024,13:48,2009
gen3pu-0.txt.gz,01-Nov-2024,13:48,376
gen3pu-1500.txt,01-Nov-2024,13:48,2011
gen3pu-1500.txt.gz,01-Nov-2024,13:48,442
gen3pu-1630.txt,01-Nov-2024,13:48,2011
gen3pu-1630.txt.gz,01-Nov-2024,13:48,420
gen3pu-1760.txt,01-Nov-2024,13:48,2011
gen3pu-1760.txt.gz,01-Nov-2024,13:48,418
gen3ubers-0.txt,01-Nov-2024,13:48,19724
gen3ubers-0.txt.gz,01-Nov-2024,13:48,4274
gen3ubers-1500.txt,01-Nov-2024,13:48,19726
gen3ubers-1500.txt.gz,01-Nov-2024,13:48,4773
gen3ubers-1630.txt,01-Nov-2024,13:48,19726
gen3ubers-1630.txt.gz,01-Nov-2024,13:48,4592
gen3ubers-1760.txt,01-Nov-2024,13:48,19726
gen3ubers-1760.txt.gz,01-Nov-2024,13:48,4525
gen3zu-0.txt,01-Nov-2024,13:48,6848
gen3zu-0.txt.gz,01-Nov-2024,13:48,1482
gen3zu-1500.txt,01-Nov-2024,13:48,6849
gen3zu-1500.txt.gz,01-Nov-2024,13:48,1794
gen3zu-1630.txt,01-Nov-2024,13:48,6850
gen3zu-1630.txt.gz,01-Nov-2024,13:48,1679
gen3zu-1760.txt,01-Nov-2024,13:48,6850
gen3zu-1760.txt.gz,01-Nov-2024,13:48,1667
gen4nu-0.txt,01-Nov-2024,13:48,5782
gen4nu-0.txt.gz,01-Nov-2024,13:48,1106
gen4nu-1500.txt,01-Nov-2024,13:48,5783
gen4nu-1500.txt.gz,01-Nov-2024,13:48,1340
gen4nu-1630.txt,01-Nov-2024,13:48,5784
gen4nu-1630.txt.gz,01-Nov-2024,13:48,1285
gen4nu-1760.txt,01-Nov-2024,13:48,5784
gen4nu-1760.txt.gz,01-Nov-2024,13:48,1257
gen4ou-0.txt,01-Nov-2024,13:48,32025
gen4ou-0.txt.gz,01-Nov-2024,13:48,7435
gen4ou-1500.txt,01-Nov-2024,13:48,32027
gen4ou-1500.txt.gz,01-Nov-2024,13:48,7997
gen4ou-1630.txt,01-Nov-2024,13:48,32027
gen4ou-1630.txt.gz,01-Nov-2024,13:48,7823
gen4ou-1760.txt,01-Nov-2024,13:48,32027
gen4ou-1760.txt.gz,01-Nov-2024,13:48,7692
gen4zu-0.txt,01-Nov-2024,13:48,12016
gen4zu-0.txt.gz,01-Nov-2024,13:48,2923
gen4zu-1500.txt,01-Nov-2024,13:48,12018
gen4zu-1500.txt.gz,01-Nov-2024,13:48,3310
gen4zu-1630.txt,01-Nov-2024,13:48,12018
gen4zu-1630.txt.gz,01-Nov-2024,13:48,3265
gen4zu-1760.txt,01-Nov-2024,13:48,12018
gen4zu-1760.txt.gz,01-Nov-2024,13:48,3258
gen5ou-0.txt,01-Nov-2024,13:48,40225
gen5ou-0.txt.gz,01-Nov-2024,13:48,9290
gen5ou-1500.txt,01-Nov-2024,13:48,40227
gen5ou-1500.txt.gz,01-Nov-2024,13:48,10145
gen5ou-1630.txt,01-Nov-2024,13:48,40227
gen5ou-1630.txt.gz,01-Nov-2024,13:48,9864
gen5ou-1760.txt,01-Nov-2024,13:48,40226
gen5ou-1760.txt.gz,01-Nov-2024,13:48,9724
gen5pu-0.txt,01-Nov-2024,13:48,18986
gen5pu-0.txt.gz,01-Nov-2024,13:48,4467
gen5pu-1500.txt,01-Nov-2024,13:48,18988
gen5pu-1500.txt.gz,01-Nov-2024,13:48,5014
gen5pu-1630.txt,01-Nov-2024,13:48,18988
gen5pu-1630.txt.gz,01-Nov-2024,13:48,4958
gen5pu-1760.txt,01-Nov-2024,13:48,18987
gen5pu-1760.txt.gz,01-Nov-2024,13:48,4900
gen6doublesou-0.txt,01-Nov-2024,13:48,36534
gen6doublesou-0.txt.gz,01-Nov-2024,13:48,7574
gen6doublesou-1500.txt,01-Nov-2024,13:48,36535
gen6doublesou-1500.txt.gz,01-Nov-2024,13:48,8782
gen6doublesou-1630.txt,01-Nov-2024,13:48,36536
gen6doublesou-1630.txt.gz,01-Nov-2024,13:48,8590
gen6doublesou-1760.txt,01-Nov-2024,13:48,36536
gen6doublesou-1760.txt.gz,01-Nov-2024,13:48,8394
gen6megasrevisited-0.txt,01-Nov-2024,13:48,28580
gen6megasrevisited-0.txt.gz,01-Nov-2024,13:48,5578
gen6megasrevisited-1500.txt,01-Nov-2024,13:48,28582
gen6megasrevisited-1500.txt.gz,01-Nov-2024,13:48,6620
gen6megasrevisited-1630.txt,01-Nov-2024,13:48,28582
gen6megasrevisited-1630.txt.gz,01-Nov-2024,13:48,6374
gen6megasrevisited-1760.txt,01-Nov-2024,13:48,28582
gen6megasrevisited-1760.txt.gz,01-Nov-2024,13:48,6335
gen6ou-0.txt,01-Nov-2024,13:48,46047
gen6ou-0.txt.gz,01-Nov-2024,13:48,10985
gen6ou-1500.txt,01-Nov-2024,13:48,46048
gen6ou-1500.txt.gz,01-Nov-2024,13:48,11813
gen6ou-1630.txt,01-Nov-2024,13:48,46049
gen6ou-1630.txt.gz,01-Nov-2024,13:48,11604
gen6ou-1760.txt,01-Nov-2024,13:48,46049
gen6ou-1760.txt.gz,01-Nov-2024,13:48,11411
gen7doublesou-0.txt,01-Nov-2024,13:48,47195
gen7doublesou-0.txt.gz,01-Nov-2024,13:48,8231
gen7doublesou-1500.txt,01-Nov-2024,13:48,47197
gen7doublesou-1500.txt.gz,01-Nov-2024,13:48,9965
gen7doublesou-1630.txt,01-Nov-2024,13:48,47197
gen7doublesou-1630.txt.gz,01-Nov-2024,13:48,9757
gen7doublesou-1760.txt,01-Nov-2024,13:48,47197
gen7doublesou-1760.txt.gz,01-Nov-2024,13:48,9480
gen7ou-0.txt,01-Nov-2024,13:48,61629
gen7ou-0.txt.gz,01-Nov-2024,13:48,14507
gen7ou-1500.txt,01-Nov-2024,13:48,61631
gen7ou-1500.txt.gz,01-Nov-2024,13:48,15465
gen7ou-1630.txt,01-Nov-2024,13:48,61631
gen7ou-1630.txt.gz,01-Nov-2024,13:48,15225
gen7ou-1760.txt,01-Nov-2024,13:48,61631
gen7ou-1760.txt.gz,01-Nov-2024,13:48,15094
gen7purehackmons-0.txt,01-Nov-2024,13:48,68439
gen7purehackmons-0.txt.gz,01-Nov-2024,13:48,13825
gen7purehackmons-1500.txt,01-Nov-2024,13:48,68441
gen7purehackmons-1500.txt.gz,01-Nov-2024,13:48,15669
gen7purehackmons-1630.txt,01-Nov-2024,13:48,68441
gen7purehackmons-1630.txt.gz,01-Nov-2024,13:48,15411
gen7purehackmons-1760.txt,01-Nov-2024,13:48,68441
gen7purehackmons-1760.txt.gz,01-Nov-2024,13:48,14945
gen8doublesou-0.txt,01-Nov-2024,13:48,35962
gen8doublesou-0.txt.gz,01-Nov-2024,13:48,6009
gen8doublesou-1500.txt,01-Nov-2024,13:48,35964
gen8doublesou-1500.txt.gz,01-Nov-2024,13:48,7652
gen8doublesou-1630.txt,01-Nov-2024,13:48,35964
gen8doublesou-1630.txt.gz,01-Nov-2024,13:48,7474
gen8doublesou-1760.txt,01-Nov-2024,13:48,35963
gen8doublesou-1760.txt.gz,01-Nov-2024,13:48,7248
gen8nationaldex-0.txt,01-Nov-2024,13:48,65648
gen8nationaldex-0.txt.gz,01-Nov-2024,13:48,14615
gen8nationaldex-1500.txt,01-Nov-2024,13:48,65650
gen8nationaldex-1500.txt.gz,01-Nov-2024,13:48,16066
gen8nationaldex-1630.txt,01-Nov-2024,13:48,65649
gen8nationaldex-1630.txt.gz,01-Nov-2024,13:48,15859
gen8nationaldex-1760.txt,01-Nov-2024,13:48,65650
gen8nationaldex-1760.txt.gz,01-Nov-2024,13:48,15661
gen8ou-0.txt,01-Nov-2024,13:48,42933
gen8ou-0.txt.gz,01-Nov-2024,13:48,10244
gen8ou-1500.txt,01-Nov-2024,13:48,42935
gen8ou-1500.txt.gz,01-Nov-2024,13:48,11081
gen8ou-1630.txt,01-Nov-2024,13:48,42935
gen8ou-1630.txt.gz,01-Nov-2024,13:48,10931
gen8ou-1760.txt,01-Nov-2024,13:48,42935
gen8ou-1760.txt.gz,01-Nov-2024,13:48,10689
gen91v1-0.txt,01-Nov-2024,13:48,48596
gen91v1-0.txt.gz,01-Nov-2024,13:48,11324
gen91v1-1500.txt,01-Nov-2024,13:48,48595
gen91v1-1500.txt.gz,01-Nov-2024,13:48,12250
gen91v1-1630.txt,01-Nov-2024,13:48,48596
gen91v1-1630.txt.gz,01-Nov-2024,13:48,12028
gen91v1-1760.txt,01-Nov-2024,13:48,48596
gen91v1-1760.txt.gz,01-Nov-2024,13:48,11998
gen92v2doubles-0.txt,01-Nov-2024,13:48,43673
gen92v2doubles-0.txt.gz,01-Nov-2024,13:48,8318
gen92v2doubles-1500.txt,01-Nov-2024,13:48,43675
gen92v2doubles-1500.txt.gz,01-Nov-2024,13:48,9927
gen92v2doubles-1630.txt,01-Nov-2024,13:48,43675
gen92v2doubles-1630.txt.gz,01-Nov-2024,13:48,9725
gen92v2doubles-1760.txt,01-Nov-2024,13:48,43675
gen92v2doubles-1760.txt.gz,01-Nov-2024,13:48,9515
gen9almostanyability-0.txt,01-Nov-2024,13:48,48430
gen9almostanyability-0.txt.gz,01-Nov-2024,13:48,11733
gen9almostanyability-1500.txt,01-Nov-2024,13:48,48432
gen9almostanyability-1500.txt.gz,01-Nov-2024,13:48,12629
gen9almostanyability-1630.txt,01-Nov-2024,13:48,48432
gen9almostanyability-1630.txt.gz,01-Nov-2024,13:48,12415
gen9almostanyability-1760.txt,01-Nov-2024,13:48,48432
gen9almostanyability-1760.txt.gz,01-Nov-2024,13:48,12274
gen9anythinggoes-0.txt,01-Nov-2024,13:48,68442
gen9anythinggoes-0.txt.gz,01-Nov-2024,13:48,17663
gen9anythinggoes-1500.txt,01-Nov-2024,13:48,68444
gen9anythinggoes-1500.txt.gz,01-Nov-2024,13:48,18576
gen9anythinggoes-1630.txt,01-Nov-2024,13:48,68444
gen9anythinggoes-1630.txt.gz,01-Nov-2024,13:48,18435
gen9anythinggoes-1760.txt,01-Nov-2024,13:48,68444
gen9anythinggoes-1760.txt.gz,01-Nov-2024,13:48,18150
gen9balancedhackmons-0.txt,01-Nov-2024,13:48,76313
gen9balancedhackmons-0.txt.gz,01-Nov-2024,13:48,15236
gen9balancedhackmons-1500.txt,01-Nov-2024,13:48,76315
gen9balancedhackmons-1500.txt.gz,01-Nov-2024,13:48,17472
gen9balancedhackmons-1630.txt,01-Nov-2024,13:48,76315
gen9balancedhackmons-1630.txt.gz,01-Nov-2024,13:48,16896
gen9balancedhackmons-1760.txt,01-Nov-2024,13:48,76315
gen9balancedhackmons-1760.txt.gz,01-Nov-2024,13:48,16456
gen9bssregh-0.txt,01-Nov-2024,13:48,39162
gen9bssregh-0.txt.gz,01-Nov-2024,13:48,10242
gen9bssregh-1500.txt,01-Nov-2024,13:48,39164
gen9bssregh-1500.txt.gz,01-Nov-2024,13:48,10632
gen9bssregh-1630.txt,01-Nov-2024,13:48,39164
gen9bssregh-1630.txt.gz,01-Nov-2024,13:48,10541
gen9bssregh-1760.txt,01-Nov-2024,13:48,39164
gen9bssregh-1760.txt.gz,01-Nov-2024,13:48,10519
gen9cap-0.txt,01-Nov-2024,13:48,26859
gen9cap-0.txt.gz,01-Nov-2024,13:48,5308
gen9cap-1500.txt,01-Nov-2024,13:48,26860
gen9cap-1500.txt.gz,01-Nov-2024,13:48,6240
gen9cap-1630.txt,01-Nov-2024,13:48,26860
gen9cap-1630.txt.gz,01-Nov-2024,13:48,6041
gen9cap-1760.txt,01-Nov-2024,13:48,26859
gen9cap-1760.txt.gz,01-Nov-2024,13:48,5957
gen9convergence-0.txt,01-Nov-2024,13:48,41049
gen9convergence-0.txt.gz,01-Nov-2024,13:48,10401
gen9convergence-1500.txt,01-Nov-2024,13:48,41051
gen9convergence-1500.txt.gz,01-Nov-2024,13:48,11112
gen9convergence-1630.txt,01-Nov-2024,13:48,41051
gen9convergence-1630.txt.gz,01-Nov-2024,13:48,11059
gen9convergence-1760.txt,01-Nov-2024,13:48,41051
gen9convergence-1760.txt.gz,01-Nov-2024,13:48,10990
gen9doublesou-0.txt,01-Nov-2024,13:48,58271
gen9doublesou-0.txt.gz,01-Nov-2024,13:48,14930
gen9doublesou-1500.txt,01-Nov-2024,13:48,58273
gen9doublesou-1500.txt.gz,01-Nov-2024,13:48,15699
gen9doublesou-1695.txt,01-Nov-2024,13:48,58273
gen9doublesou-1695.txt.gz,01-Nov-2024,13:48,15545
gen9doublesou-1825.txt,01-Nov-2024,13:48,58273
gen9doublesou-1825.txt.gz,01-Nov-2024,13:48,15273
gen9doublesubers-0.txt,01-Nov-2024,13:48,60897
gen9doublesubers-0.txt.gz,01-Nov-2024,13:48,14557
gen9doublesubers-1500.txt,01-Nov-2024,13:48,60898
gen9doublesubers-1500.txt.gz,01-Nov-2024,13:48,15692
gen9doublesubers-1630.txt,01-Nov-2024,13:48,60898
gen9doublesubers-1630.txt.gz,01-Nov-2024,13:48,15412
gen9doublesubers-1760.txt,01-Nov-2024,13:48,60899
gen9doublesubers-1760.txt.gz,01-Nov-2024,13:48,15211
gen9doublesuu-0.txt,01-Nov-2024,13:48,45969
gen9doublesuu-0.txt.gz,01-Nov-2024,13:48,11280
gen9doublesuu-1500.txt,01-Nov-2024,13:48,45971
gen9doublesuu-1500.txt.gz,01-Nov-2024,13:48,12156
gen9doublesuu-1630.txt,01-Nov-2024,13:48,45971
gen9doublesuu-1630.txt.gz,01-Nov-2024,13:48,12017
gen9doublesuu-1760.txt,01-Nov-2024,13:48,45971
gen9doublesuu-1760.txt.gz,01-Nov-2024,13:48,11963
gen9godlygift-0.txt,01-Nov-2024,13:48,43346
gen9godlygift-0.txt.gz,01-Nov-2024,13:48,9127
gen9godlygift-1500.txt,01-Nov-2024,13:48,43348
gen9godlygift-1500.txt.gz,01-Nov-2024,13:48,10656
gen9godlygift-1630.txt,01-Nov-2024,13:48,43348
gen9godlygift-1630.txt.gz,01-Nov-2024,13:48,10644
gen9godlygift-1760.txt,01-Nov-2024,13:48,43348
gen9godlygift-1760.txt.gz,01-Nov-2024,13:48,10515
gen9inheritance-0.txt,01-Nov-2024,13:48,30391
gen9inheritance-0.txt.gz,01-Nov-2024,13:48,6701
gen9inheritance-1500.txt,01-Nov-2024,13:48,30393
gen9inheritance-1500.txt.gz,01-Nov-2024,13:48,7729
gen9inheritance-1630.txt,01-Nov-2024,13:48,30393
gen9inheritance-1630.txt.gz,01-Nov-2024,13:48,7552
gen9inheritance-1760.txt,01-Nov-2024,13:48,30393
gen9inheritance-1760.txt.gz,01-Nov-2024,13:48,7427
gen9inverse-0.txt,01-Nov-2024,13:48,37525
gen9inverse-0.txt.gz,01-Nov-2024,13:48,8889
gen9inverse-1500.txt,01-Nov-2024,13:48,37527
gen9inverse-1500.txt.gz,01-Nov-2024,13:48,9898
gen9inverse-1630.txt,01-Nov-2024,13:48,37527
gen9inverse-1630.txt.gz,01-Nov-2024,13:48,9877
gen9inverse-1760.txt,01-Nov-2024,13:48,37527
gen9inverse-1760.txt.gz,01-Nov-2024,13:48,9754
gen9lc-0.txt,01-Nov-2024,13:48,18905
gen9lc-0.txt.gz,01-Nov-2024,13:48,5269
gen9lc-1500.txt,01-Nov-2024,13:48,18907
gen9lc-1500.txt.gz,01-Nov-2024,13:48,5650
gen9lc-1630.txt,01-Nov-2024,13:48,18907
gen9lc-1630.txt.gz,01-Nov-2024,13:48,5655
gen9lc-1760.txt,01-Nov-2024,13:48,18907
gen9lc-1760.txt.gz,01-Nov-2024,13:48,5595
gen9metronomebattle-0.txt,01-Nov-2024,13:48,65906
gen9metronomebattle-0.txt.gz,01-Nov-2024,13:48,12644
gen9metronomebattle-1500.txt,01-Nov-2024,13:48,65908
gen9metronomebattle-1500.txt.gz,01-Nov-2024,13:48,14395
gen9metronomebattle-1630.txt,01-Nov-2024,13:48,65908
gen9metronomebattle-1630.txt.gz,01-Nov-2024,13:48,14015
gen9metronomebattle-1760.txt,01-Nov-2024,13:48,65908
gen9metronomebattle-1760.txt.gz,01-Nov-2024,13:48,13919
gen9mixandmega-0.txt,01-Nov-2024,13:48,48432
gen9mixandmega-0.txt.gz,01-Nov-2024,13:48,10404
gen9mixandmega-1500.txt,01-Nov-2024,13:48,48434
gen9mixandmega-1500.txt.gz,01-Nov-2024,13:48,11863
gen9mixandmega-1630.txt,01-Nov-2024,13:48,48434
gen9mixandmega-1630.txt.gz,01-Nov-2024,13:48,11791
gen9mixandmega-1760.txt,01-Nov-2024,13:48,48434
gen9mixandmega-1760.txt.gz,01-Nov-2024,13:48,11579
gen9monotype-0.txt,01-Nov-2024,13:48,50237
gen9monotype-0.txt.gz,01-Nov-2024,13:48,12884
gen9monotype-1500.txt,01-Nov-2024,13:48,50238
gen9monotype-1500.txt.gz,01-Nov-2024,13:48,13602
gen9monotype-1630.txt,01-Nov-2024,13:48,50239
gen9monotype-1630.txt.gz,01-Nov-2024,13:48,13540
gen9monotype-1760.txt,01-Nov-2024,13:48,50239
gen9monotype-1760.txt.gz,01-Nov-2024,13:48,13351
gen9natdexdraft-0.txt,01-Nov-2024,13:48,1353
gen9natdexdraft-0.txt.gz,01-Nov-2024,13:48,325
gen9natdexdraft-1500.txt,01-Nov-2024,13:48,1353
gen9natdexdraft-1500.txt.gz,01-Nov-2024,13:48,345
gen9natdexdraft-1630.txt,01-Nov-2024,13:48,1353
gen9natdexdraft-1630.txt.gz,01-Nov-2024,13:48,330
gen9natdexdraft-1760.txt,01-Nov-2024,13:48,1353
gen9natdexdraft-1760.txt.gz,01-Nov-2024,13:48,330
gen9nationaldex-0.txt,01-Nov-2024,13:48,91072
gen9nationaldex-0.txt.gz,01-Nov-2024,13:48,22382
gen9nationaldex-1500.txt,01-Nov-2024,13:48,91074
gen9nationaldex-1500.txt.gz,01-Nov-2024,13:48,23610
gen9nationaldex-1630.txt,01-Nov-2024,13:48,91074
gen9nationaldex-1630.txt.gz,01-Nov-2024,13:48,23312
gen9nationaldex-1760.txt,01-Nov-2024,13:48,91074
gen9nationaldex-1760.txt.gz,01-Nov-2024,13:48,23100
gen9nationaldex35pokes-0.txt,01-Nov-2024,13:48,5046
gen9nationaldex35pokes-0.txt.gz,01-Nov-2024,13:48,1546
gen9nationaldex35pokes-1500.txt,01-Nov-2024,13:48,5048
gen9nationaldex35pokes-1500.txt.gz,01-Nov-2024,13:48,1634
gen9nationaldex35pokes-1630.txt,01-Nov-2024,13:48,5048
gen9nationaldex35pokes-1630.txt.gz,01-Nov-2024,13:48,1625
gen9nationaldex35pokes-1760.txt,01-Nov-2024,13:48,5047
gen9nationaldex35pokes-1760.txt.gz,01-Nov-2024,13:48,1610
gen9nationaldexag-0.txt,01-Nov-2024,13:48,2255
gen9nationaldexag-0.txt.gz,01-Nov-2024,13:48,454
gen9nationaldexag-1500.txt,01-Nov-2024,13:48,2255
gen9nationaldexag-1500.txt.gz,01-Nov-2024,13:48,481
gen9nationaldexag-1630.txt,01-Nov-2024,13:48,2255
gen9nationaldexag-1630.txt.gz,01-Nov-2024,13:48,459
gen9nationaldexag-1760.txt,01-Nov-2024,13:48,2255
gen9nationaldexag-1760.txt.gz,01-Nov-2024,13:48,459
gen9nationaldexdoubles-0.txt,01-Nov-2024,13:48,78524
gen9nationaldexdoubles-0.txt.gz,01-Nov-2024,13:48,18497
gen9nationaldexdoubles-1500.txt,01-Nov-2024,13:48,78526
gen9nationaldexdoubles-1500.txt.gz,01-Nov-2024,13:48,19936
gen9nationaldexdoubles-1630.txt,01-Nov-2024,13:48,78526
gen9nationaldexdoubles-1630.txt.gz,01-Nov-2024,13:48,19734
gen9nationaldexdoubles-1760.txt,01-Nov-2024,13:48,78526
gen9nationaldexdoubles-1760.txt.gz,01-Nov-2024,13:48,19339
gen9nationaldexdoublesubers-0.txt,01-Nov-2024,13:48,13410
gen9nationaldexdoublesubers-0.txt.gz,01-Nov-2024,13:48,2482
gen9nationaldexdoublesubers-1500.txt,01-Nov-2024,13:48,13412
gen9nationaldexdoublesubers-1500.txt.gz,01-Nov-2024,13:48,2978
gen9nationaldexdoublesubers-1630.txt,01-Nov-2024,13:48,13412
gen9nationaldexdoublesubers-1630.txt.gz,01-Nov-2024,13:48,2875
gen9nationaldexdoublesubers-1760.txt,01-Nov-2024,13:48,13412
gen9nationaldexdoublesubers-1760.txt.gz,01-Nov-2024,13:48,2822
gen9nationaldexlc-0.txt,01-Nov-2024,13:48,1353
gen9nationaldexlc-0.txt.gz,01-Nov-2024,13:48,296
gen9nationaldexlc-1500.txt,01-Nov-2024,13:48,1353
gen9nationaldexlc-1500.txt.gz,01-Nov-2024,13:48,316
gen9nationaldexlc-1630.txt,01-Nov-2024,13:48,1353
gen9nationaldexlc-1630.txt.gz,01-Nov-2024,13:48,302
gen9nationaldexlc-1760.txt,01-Nov-2024,13:48,1353
gen9nationaldexlc-1760.txt.gz,01-Nov-2024,13:48,302
gen9nationaldexmonotype-0.txt,01-Nov-2024,13:48,67373
gen9nationaldexmonotype-0.txt.gz,01-Nov-2024,13:48,15614
gen9nationaldexmonotype-1500.txt,01-Nov-2024,13:48,67375
gen9nationaldexmonotype-1500.txt.gz,01-Nov-2024,13:48,17012
gen9nationaldexmonotype-1630.txt,01-Nov-2024,13:48,67375
gen9nationaldexmonotype-1630.txt.gz,01-Nov-2024,13:48,16823
gen9nationaldexmonotype-1760.txt,01-Nov-2024,13:48,67375
gen9nationaldexmonotype-1760.txt.gz,01-Nov-2024,13:48,16515
gen9nationaldexubers-0.txt,01-Nov-2024,13:48,95338
gen9nationaldexubers-0.txt.gz,01-Nov-2024,13:48,22212
gen9nationaldexubers-1500.txt,01-Nov-2024,13:48,95339
gen9nationaldexubers-1500.txt.gz,01-Nov-2024,13:48,23942
gen9nationaldexubers-1630.txt,01-Nov-2024,13:48,95340
gen9nationaldexubers-1630.txt.gz,01-Nov-2024,13:48,23548
gen9nationaldexubers-1760.txt,01-Nov-2024,13:48,95340
gen9nationaldexubers-1760.txt.gz,01-Nov-2024,13:48,23094
gen9nationaldexuu-0.txt,01-Nov-2024,13:48,54903
gen9nationaldexuu-0.txt.gz,01-Nov-2024,13:48,10961
gen9nationaldexuu-1500.txt,01-Nov-2024,13:48,54905
gen9nationaldexuu-1500.txt.gz,01-Nov-2024,13:48,12939
gen9nationaldexuu-1630.txt,01-Nov-2024,13:48,54905
gen9nationaldexuu-1630.txt.gz,01-Nov-2024,13:48,12681
gen9nationaldexuu-1760.txt,01-Nov-2024,13:48,54905
gen9nationaldexuu-1760.txt.gz,01-Nov-2024,13:48,12416
gen9nu-0.txt,01-Nov-2024,13:48,34324
gen9nu-0.txt.gz,01-Nov-2024,13:48,8408
gen9nu-1500.txt,01-Nov-2024,13:48,34326
gen9nu-1500.txt.gz,01-Nov-2024,13:48,9093
gen9nu-1630.txt,01-Nov-2024,13:48,34326
gen9nu-1630.txt.gz,01-Nov-2024,13:48,9003
gen9nu-1760.txt,01-Nov-2024,13:48,34326
gen9nu-1760.txt.gz,01-Nov-2024,13:48,8934
gen9ou-0.txt,01-Nov-2024,13:48,62535
gen9ou-0.txt.gz,01-Nov-2024,13:48,15702
gen9ou-1500.txt,01-Nov-2024,13:48,62536
gen9ou-1500.txt.gz,01-Nov-2024,13:48,16461
gen9ou-1695.txt,01-Nov-2024,13:48,62536
gen9ou-1695.txt.gz,01-Nov-2024,13:48,16253
gen9ou-1825.txt,01-Nov-2024,13:48,62537
gen9ou-1825.txt.gz,01-Nov-2024,13:48,16143
gen9partnersincrime-0.txt,01-Nov-2024,13:48,22923
gen9partnersincrime-0.txt.gz,01-Nov-2024,13:48,4046
gen9partnersincrime-1500.txt,01-Nov-2024,13:48,22925
gen9partnersincrime-1500.txt.gz,01-Nov-2024,13:48,5066
gen9partnersincrime-1630.txt,01-Nov-2024,13:48,22924
gen9partnersincrime-1630.txt.gz,01-Nov-2024,13:48,4758
gen9partnersincrime-1760.txt,01-Nov-2024,13:48,22925
gen9partnersincrime-1760.txt.gz,01-Nov-2024,13:48,4700
gen9pu-0.txt,01-Nov-2024,13:48,35308
gen9pu-0.txt.gz,01-Nov-2024,13:48,8962
gen9pu-1500.txt,01-Nov-2024,13:48,35310
gen9pu-1500.txt.gz,01-Nov-2024,13:48,9543
gen9pu-1630.txt,01-Nov-2024,13:48,35310
gen9pu-1630.txt.gz,01-Nov-2024,13:48,9454
gen9pu-1760.txt,01-Nov-2024,13:48,35310
gen9pu-1760.txt.gz,01-Nov-2024,13:48,9306
gen9revelationmons-0.txt,01-Nov-2024,13:48,10377
gen9revelationmons-0.txt.gz,01-Nov-2024,13:48,1883
gen9revelationmons-1500.txt,01-Nov-2024,13:48,10379
gen9revelationmons-1500.txt.gz,01-Nov-2024,13:48,2376
gen9revelationmons-1630.txt,01-Nov-2024,13:48,10379
gen9revelationmons-1630.txt.gz,01-Nov-2024,13:48,2288
gen9revelationmons-1760.txt,01-Nov-2024,13:48,10379
gen9revelationmons-1760.txt.gz,01-Nov-2024,13:48,2160
gen9ru-0.txt,01-Nov-2024,13:48,39408
gen9ru-0.txt.gz,01-Nov-2024,13:48,9821
gen9ru-1500.txt,01-Nov-2024,13:48,39410
gen9ru-1500.txt.gz,01-Nov-2024,13:48,10478
gen9ru-1630.txt,01-Nov-2024,13:48,39410
gen9ru-1630.txt.gz,01-Nov-2024,13:48,10396
gen9ru-1760.txt,01-Nov-2024,13:48,39410
gen9ru-1760.txt.gz,01-Nov-2024,13:48,10311
gen9sharedpower-0.txt,01-Nov-2024,13:48,39164
gen9sharedpower-0.txt.gz,01-Nov-2024,13:48,9028
gen9sharedpower-1500.txt,01-Nov-2024,13:48,39166
gen9sharedpower-1500.txt.gz,01-Nov-2024,13:48,10176
gen9sharedpower-1630.txt,01-Nov-2024,13:48,39166
gen9sharedpower-1630.txt.gz,01-Nov-2024,13:48,10075
gen9sharedpower-1760.txt,01-Nov-2024,13:48,39166
gen9sharedpower-1760.txt.gz,01-Nov-2024,13:48,9869
gen9stabmons-0.txt,01-Nov-2024,13:48,32438
gen9stabmons-0.txt.gz,01-Nov-2024,13:48,6983
gen9stabmons-1500.txt,01-Nov-2024,13:48,32440
gen9stabmons-1500.txt.gz,01-Nov-2024,13:48,8167
gen9stabmons-1630.txt,01-Nov-2024,13:48,32440
gen9stabmons-1630.txt.gz,01-Nov-2024,13:48,8029
gen9stabmons-1760.txt,01-Nov-2024,13:48,32440
gen9stabmons-1760.txt.gz,01-Nov-2024,13:48,7874
gen9teamstarchallenge-0.txt,01-Nov-2024,13:48,2507
gen9teamstarchallenge-0.txt.gz,01-Nov-2024,13:48,918
gen9teamstarchallenge-1500.txt,01-Nov-2024,13:48,2509
gen9teamstarchallenge-1500.txt.gz,01-Nov-2024,13:48,972
gen9teamstarchallenge-1630.txt,01-Nov-2024,13:48,2509
gen9teamstarchallenge-1630.txt.gz,01-Nov-2024,13:48,971
gen9teamstarchallenge-1760.txt,01-Nov-2024,13:48,2509
gen9teamstarchallenge-1760.txt.gz,01-Nov-2024,13:48,969
gen9triples-0.txt,01-Nov-2024,13:48,14065
gen9triples-0.txt.gz,01-Nov-2024,13:48,2463
gen9triples-1500.txt,01-Nov-2024,13:48,14067
gen9triples-1500.txt.gz,01-Nov-2024,13:48,3056
gen9triples-1630.txt,01-Nov-2024,13:48,14067
gen9triples-1630.txt.gz,01-Nov-2024,13:48,2972
gen9triples-1760.txt,01-Nov-2024,13:48,14066
gen9triples-1760.txt.gz,01-Nov-2024,13:48,2864
gen9ubers-0.txt,01-Nov-2024,13:48,64834
gen9ubers-0.txt.gz,01-Nov-2024,13:48,15633
gen9ubers-1500.txt,01-Nov-2024,13:48,64836
gen9ubers-1500.txt.gz,01-Nov-2024,13:48,16661
gen9ubers-1630.txt,01-Nov-2024,13:48,64836
gen9ubers-1630.txt.gz,01-Nov-2024,13:48,16509
gen9ubers-1760.txt,01-Nov-2024,13:48,64836
gen9ubers-1760.txt.gz,01-Nov-2024,13:48,16160
gen9ubersuu-0.txt,01-Nov-2024,13:48,31865
gen9ubersuu-0.txt.gz,01-Nov-2024,13:48,6683
gen9ubersuu-1500.txt,01-Nov-2024,13:48,31867
gen9ubersuu-1500.txt.gz,01-Nov-2024,13:48,7684
gen9ubersuu-1630.txt,01-Nov-2024,13:48,31866
gen9ubersuu-1630.txt.gz,01-Nov-2024,13:48,7370
gen9ubersuu-1760.txt,01-Nov-2024,13:48,31867
gen9ubersuu-1760.txt.gz,01-Nov-2024,13:48,7281
gen9uu-0.txt,01-Nov-2024,13:48,45888
gen9uu-0.txt.gz,01-Nov-2024,13:48,11340
gen9uu-1500.txt,01-Nov-2024,13:48,45890
gen9uu-1500.txt.gz,01-Nov-2024,13:48,12057
gen9uu-1630.txt,01-Nov-2024,13:48,45890
gen9uu-1630.txt.gz,01-Nov-2024,13:48,11973
gen9uu-1760.txt,01-Nov-2024,13:48,45889
gen9uu-1760.txt.gz,01-Nov-2024,13:48,11813
gen9vgc2024regh-0.txt,01-Nov-2024,13:48,53924
gen9vgc2024regh-0.txt.gz,01-Nov-2024,13:48,13759
gen9vgc2024regh-1500.txt,01-Nov-2024,13:48,53926
gen9vgc2024regh-1500.txt.gz,01-Nov-2024,13:48,14281
gen9vgc2024regh-1630.txt,01-Nov-2024,13:48,53926
gen9vgc2024regh-1630.txt.gz,01-Nov-2024,13:48,14175
gen9vgc2024regh-1760.txt,01-Nov-2024,13:48,53926
gen9vgc2024regh-1760.txt.gz,01-Nov-2024,13:48,14061
gen9vgc2024reghbo3-0.txt,01-Nov-2024,13:48,40721
gen9vgc2024reghbo3-0.txt.gz,01-Nov-2024,13:48,10183
gen9vgc2024reghbo3-1500.txt,01-Nov-2024,13:48,40723
gen9vgc2024reghbo3-1500.txt.gz,01-Nov-2024,13:48,10661
gen9vgc2024reghbo3-1630.txt,01-Nov-2024,13:48,40723
gen9vgc2024reghbo3-1630.txt.gz,01-Nov-2024,13:48,10573
gen9vgc2024reghbo3-1760.txt,01-Nov-2024,13:48,40723
gen9vgc2024reghbo3-1760.txt.gz,01-Nov-2024,13:48,10450
gen9zu-0.txt,01-Nov-2024,13:48,29321
gen9zu-0.txt.gz,01-Nov-2024,13:48,7413
gen9zu-1500.txt,01-Nov-2024,13:48,29323
gen9zu-1500.txt.gz,01-Nov-2024,13:48,8009
gen9zu-1630.txt,01-Nov-2024,13:48,29323
gen9zu-1630.txt.gz,01-Nov-2024,13:48,7907
gen9zu-1760.txt,01-Nov-2024,13:48,29323
gen9zu-1760.txt.gz,01-Nov-2024,13:48,7873
